{"count":1,"self":170.9345664,"total":190.5991702,"children":{"AgentSendState":{"count":477701,"self":2.0595056,"total":2.9737815,"children":{"CollectObservations":{"count":1776,"self":0.0053723999999999994,"total":0.0053723999999999994,"children":null},"CollectDiscreteActionMasks":{"count":1776,"self":0.0109991,"total":0.0109991,"children":null},"AgentInfo.ToProto":{"count":1776,"self":0.026678999999999998,"total":0.89790439999999994,"children":{"GenerateSensorData":{"count":1776,"self":0.87122539999999993,"total":0.87122539999999993,"children":null}}}}},"DecideAction":{"count":477701,"self":14.0593392,"total":14.059339699999999,"children":null},"AgentAct":{"count":477701,"self":2.2077383999999998,"total":2.6294885999999997,"children":{"AgentInfo.ToProto":{"count":640,"self":0.014712399999999999,"total":0.42175019999999996,"children":{"GenerateSensorData":{"count":640,"self":0.4070378,"total":0.4070378,"children":null}}}}}},"gauges":{"BubbleBlast.CumulativeReward":{"count":640,"max":-0.1,"min":-1.3,"runningAverage":-0.496875167,"value":-0.1,"weightedAverage":-0.294210017}},"metadata":{"timer_format_version":"0.1.0","start_time_seconds":"1590524009","unity_version":"2018.4.14f1","command_line_arguments":"C:\\Program Files\\Unity\\Hub\\Editor\\2018.4.14f1\\Editor\\Unity.exe -projectpath C:\/Users\/Joao\/Desktop\/BubbleBlast -useHub -hubIPC -cloudEnvironment production -hubSessionId 85147a20-9f3b-11ea-8fd5-259c63b5c58f -accessToken HNXEKXepQrLAPnVur1HymA-lIzbL_RcQqg1QZiQSvms006f","communication_protocol_version":"1.0.0","com.unity.ml-agents_version":"1.0.2-preview","scene_name":"Level1","end_time_seconds":"1590524200"}}