{"count":1,"self":18.0561504,"total":26.2611831,"children":{"AgentSendState":{"count":15617,"self":0.1768374,"total":0.23656629999999998,"children":{"CollectObservations":{"count":70,"self":0.0078106999999999994,"total":0.0078106999999999994,"children":null},"CollectDiscreteActionMasks":{"count":70,"self":0.0039083,"total":0.0039083,"children":null},"AgentInfo.ToProto":{"count":70,"self":0.0059754,"total":0.0480099,"children":{"GenerateSensorData":{"count":70,"self":0.042034499999999995,"total":0.042034499999999995,"children":null}}}}},"DecideAction":{"count":15617,"self":7.7584304,"total":7.7584307999999993,"children":null},"AgentAct":{"count":15617,"self":0.18064529999999998,"total":0.20707969999999998,"children":{"AgentInfo.ToProto":{"count":16,"self":0.0009897,"total":0.0264344,"children":{"GenerateSensorData":{"count":16,"self":0.025444699999999997,"total":0.025444699999999997,"children":null}}}}}},"gauges":{"BubbleBlast.CumulativeReward":{"count":16,"max":-0.1,"min":-1.05,"runningAverage":-0.39062503,"value":-0.45,"weightedAverage":-0.4102296}},"metadata":{"timer_format_version":"0.1.0","start_time_seconds":"1590528527","unity_version":"2018.4.14f1","command_line_arguments":"C:\\Program Files\\Unity\\Hub\\Editor\\2018.4.14f1\\Editor\\Unity.exe","communication_protocol_version":"1.0.0","com.unity.ml-agents_version":"1.0.2-preview","scene_name":"Level7","end_time_seconds":"1590528553"}}