{"count":1,"self":22.837190399999997,"total":32.279319799999996,"children":{"AgentSendState":{"count":20567,"self":0.265134,"total":0.3572066,"children":{"CollectObservations":{"count":100,"self":0.012046099999999999,"total":0.012046099999999999,"children":null},"CollectDiscreteActionMasks":{"count":100,"self":0.0059895,"total":0.0059895,"children":null},"AgentInfo.ToProto":{"count":100,"self":0.015103199999999999,"total":0.074036999999999992,"children":{"GenerateSensorData":{"count":100,"self":0.058933799999999995,"total":0.058933799999999995,"children":null}}}}},"DecideAction":{"count":20567,"self":8.7330024,"total":8.733002299999999,"children":null},"AgentAct":{"count":20567,"self":0.3311901,"total":0.34992619999999997,"children":{"AgentInfo.ToProto":{"count":33,"self":8.599999999999999E-05,"total":0.0187361,"children":{"GenerateSensorData":{"count":33,"self":0.0186501,"total":0.0186501,"children":null}}}}}},"gauges":{"BubbleBlast.CumulativeReward":{"count":33,"max":-0.1,"min":-1.15,"runningAverage":-0.6893939,"value":-1.05,"weightedAverage":-0.837610066}},"metadata":{"timer_format_version":"0.1.0","start_time_seconds":"1590526608","unity_version":"2018.4.14f1","command_line_arguments":"C:\\Program Files\\Unity\\Hub\\Editor\\2018.4.14f1\\Editor\\Unity.exe","communication_protocol_version":"1.0.0","com.unity.ml-agents_version":"1.0.2-preview","scene_name":"Level25","end_time_seconds":"1590526640"}}