{"count":1,"self":1684.7817728,"total":1841.4140203,"children":{"AgentSendState":{"count":4918667,"self":15.048801599999999,"total":23.2825097,"children":{"CollectObservations":{"count":21298,"self":0.3260634,"total":0.3260634,"children":null},"CollectDiscreteActionMasks":{"count":21298,"self":0.056052399999999995,"total":0.056052399999999995,"children":null},"AgentInfo.ToProto":{"count":21298,"self":0.6079621,"total":7.8515919,"children":{"GenerateSensorData":{"count":21298,"self":7.2436295999999993,"total":7.2436298,"children":null}}}}},"DecideAction":{"count":4918667,"self":108.52023039999999,"total":108.52022509999999,"children":null},"AgentAct":{"count":4918667,"self":20.691137599999998,"total":24.7556919,"children":{"AgentInfo.ToProto":{"count":4496,"self":0.0918237,"total":4.0645539,"children":{"GenerateSensorData":{"count":4496,"self":3.9727303999999997,"total":3.9727302,"children":null}}}}},"AgentInfo.ToProto":{"count":938,"self":0.0238027,"total":0.07278,"children":{"GenerateSensorData":{"count":938,"self":0.048977299999999994,"total":0.048977299999999994,"children":null}}}},"gauges":{"BubbleBlast.CumulativeReward":{"count":5434,"max":-0.01,"min":-0.83,"runningAverage":-0.184414953,"value":-0.04,"weightedAverage":-0.052392222}},"metadata":{"timer_format_version":"0.1.0","start_time_seconds":"1590550062","unity_version":"2018.4.14f1","command_line_arguments":"C:\\Program Files\\Unity\\Hub\\Editor\\2018.4.14f1\\Editor\\Unity.exe -projectpath C:\/Users\/Joao\/Desktop\/BubbleBlast -useHub -hubIPC -cloudEnvironment production -hubSessionId 59568630-9fae-11ea-bdc2-f7b4c2e7224b -accessToken R2Rs2qNH5eCIsAezuJn0jXK2SIzosk3RvHpLKJUvHd0006f","communication_protocol_version":"1.0.0","com.unity.ml-agents_version":"1.0.2-preview","scene_name":"Level8","end_time_seconds":"1590551904"}}