{"count":1,"self":2.4336667999999997,"total":11.8026892,"children":{"AgentSendState":{"count":5234,"self":0.10766719999999999,"total":0.9386198,"children":{"CollectObservations":{"count":1047,"self":0.022922699999999997,"total":0.022922699999999997,"children":null},"CollectDiscreteActionMasks":{"count":1047,"self":0.008972599999999999,"total":0.008972599999999999,"children":null},"AgentInfo.ToProto":{"count":1047,"self":0.025925999999999998,"total":0.7990573,"children":{"GenerateSensorData":{"count":1047,"self":0.7731313,"total":0.7731313,"children":null}}}}},"DecideAction":{"count":5234,"self":7.8703968,"total":7.8703971,"children":null},"AgentAct":{"count":5234,"self":0.1823266,"total":0.5570128,"children":{"AgentInfo.ToProto":{"count":523,"self":0.013949399999999999,"total":0.37468619999999997,"children":{"GenerateSensorData":{"count":523,"self":0.36073679999999997,"total":0.36073679999999997,"children":null}}}}}},"gauges":{"BubbleBlast.CumulativeReward":{"count":523,"max":0,"min":-1.4,"runningAverage":-0.325812727,"value":-1.4,"weightedAverage":-0.365702063}},"metadata":{"timer_format_version":"0.1.0","start_time_seconds":"1590508207","unity_version":"2018.4.14f1","command_line_arguments":"C:\\Program Files\\Unity\\Hub\\Editor\\2018.4.14f1\\Editor\\Unity.exe","communication_protocol_version":"1.0.0","com.unity.ml-agents_version":"1.0.2-preview","scene_name":"Level29","end_time_seconds":"1590508219"}}