{"count":1,"self":4.9415072,"total":21.926915899999997,"children":{"AgentSendState":{"count":4934,"self":0.1588567,"total":1.7110013,"children":{"CollectObservations":{"count":987,"self":0.0423298,"total":0.0423298,"children":null},"CollectDiscreteActionMasks":{"count":987,"self":0.011422199999999999,"total":0.011422199999999999,"children":null},"AgentInfo.ToProto":{"count":987,"self":0.060473799999999994,"total":1.4983925999999999,"children":{"GenerateSensorData":{"count":987,"self":1.4379187999999998,"total":1.4379187999999998,"children":null}}}}},"DecideAction":{"count":4934,"self":14.265232,"total":14.265231199999999,"children":null},"AgentAct":{"count":4934,"self":0.2658795,"total":1.0045438,"children":{"AgentInfo.ToProto":{"count":493,"self":0.0215583,"total":0.73866429999999994,"children":{"GenerateSensorData":{"count":493,"self":0.717106,"total":0.717106,"children":null}}}}}},"gauges":{"BubbleBlast.CumulativeReward":{"count":493,"max":0,"min":-1.4,"runningAverage":-1.31622708,"value":0,"weightedAverage":-0.01603463}},"metadata":{"timer_format_version":"0.1.0","start_time_seconds":"1590500434","unity_version":"2018.4.14f1","command_line_arguments":"C:\\Program Files\\Unity\\Hub\\Editor\\2018.4.14f1\\Editor\\Unity.exe","communication_protocol_version":"1.0.0","com.unity.ml-agents_version":"1.0.2-preview","scene_name":"Level2","end_time_seconds":"1590500456"}}