{"count":1,"gauges":{"My Behavior.CumulativeReward":{"count":2769,"max":0,"min":0,"value":0,"weightedAverage":0}},"self":13.328649599999999,"total":32.9452014,"children":{"AgentSendState":{"count":30467,"self":0.2328448,"total":0.2328448,"children":null},"DecideAction":{"count":30467,"self":18.8820992,"total":18.8820996,"children":null},"AgentAct":{"count":30467,"self":0.32812179999999996,"total":0.49961249999999996,"children":{"AgentInfo.ToProto":{"count":2769,"self":0.072830999999999993,"total":0.1714907,"children":{"GenerateSensorData":{"count":2769,"self":0.098659699999999989,"total":0.098659699999999989,"children":null}}}}}}}