{"count":1,"self":1708.838912,"total":1846.2449594999998,"children":{"AgentSendState":{"count":4982651,"self":13.6417664,"total":23.869486499999997,"children":{"CollectObservations":{"count":20038,"self":0.0605212,"total":0.0605212,"children":null},"CollectDiscreteActionMasks":{"count":20038,"self":0.0221452,"total":0.0221452,"children":null},"AgentInfo.ToProto":{"count":20038,"self":0.5770495,"total":10.145054,"children":{"GenerateSensorData":{"count":20038,"self":9.5680047999999989,"total":9.5680044999999989,"children":null}}}}},"DecideAction":{"count":4982651,"self":94.7929664,"total":94.7929692,"children":null},"AgentAct":{"count":4982651,"self":14.649091199999999,"total":18.070702999999998,"children":{"AgentInfo.ToProto":{"count":3700,"self":0.0498912,"total":3.4216113,"children":{"GenerateSensorData":{"count":3700,"self":3.37172,"total":3.3717200999999997,"children":null}}}}},"AgentInfo.ToProto":{"count":2296,"self":0.1260536,"total":0.6708701,"children":{"GenerateSensorData":{"count":2296,"self":0.54481649999999993,"total":0.54481649999999993,"children":null}}}},"gauges":{"BubbleBlast.CumulativeReward":{"count":5996,"max":1,"min":-1.75,"runningAverage":-0.0580804124,"value":-0.650000036,"weightedAverage":-0.60135144}},"metadata":{"timer_format_version":"0.1.0","start_time_seconds":"1590546331","unity_version":"2018.4.14f1","command_line_arguments":"C:\\Program Files\\Unity\\Hub\\Editor\\2018.4.14f1\\Editor\\Unity.exe -projectpath C:\/Users\/Joao\/Desktop\/BubbleBlast -useHub -hubIPC -cloudEnvironment production -hubSessionId 59568630-9fae-11ea-bdc2-f7b4c2e7224b -accessToken Gpoj1z9ovFNHaOCtUk77C_PIumo5QkvuP22L_XhFFQw006f","communication_protocol_version":"1.0.0","com.unity.ml-agents_version":"1.0.2-preview","scene_name":"Level1","end_time_seconds":"1590548178"}}