{"count":1,"self":806.20303359999991,"total":867.014316,"children":{"AgentSendState":{"count":681617,"self":9.8147184,"total":10.764893299999999,"children":{"CollectObservations":{"count":2241,"self":0.17977669999999998,"total":0.17977669999999998,"children":null},"CollectDiscreteActionMasks":{"count":2241,"self":0.183962,"total":0.183962,"children":null},"AgentInfo.ToProto":{"count":2241,"self":0.0963388,"total":0.586436,"children":{"GenerateSensorData":{"count":2241,"self":0.49009719999999996,"total":0.49009719999999996,"children":null}}}}},"DecideAction":{"count":681617,"self":39.792745599999996,"total":39.7927445,"children":null},"AgentAct":{"count":681617,"self":9.1872376,"total":10.2475557,"children":{"AgentInfo.ToProto":{"count":724,"self":0.0567928,"total":1.0603183999999999,"children":{"GenerateSensorData":{"count":724,"self":1.0035256,"total":1.0035256,"children":null}}}}}},"gauges":{"BubbleBlast.CumulativeReward":{"count":724,"max":-0.05,"min":-1.5,"runningAverage":-0.3285912,"value":-0.55,"weightedAverage":-0.322122484}},"metadata":{"timer_format_version":"0.1.0","start_time_seconds":"1590519365","unity_version":"2018.4.14f1","command_line_arguments":"C:\\Program Files\\Unity\\Hub\\Editor\\2018.4.14f1\\Editor\\Unity.exe","communication_protocol_version":"1.0.0","com.unity.ml-agents_version":"1.0.2-preview","scene_name":"Level9","end_time_seconds":"1590520232"}}